<?xml version="1.0" encoding="UTF-8"?>
<project-private xmlns="http://www.netbeans.org/ns/project-private/1">
    <editor-bookmarks xmlns="http://www.netbeans.org/ns/editor-bookmarks/2" lastBookmarkId="0"/>
    <open-files xmlns="http://www.netbeans.org/ns/projectui-open-files/2">
        <group>
            <file>file:/C:/Users/HP/Documents/Dokumen%20Kuliah/Semester3/Pemrograman%20Komputer%201/Apk_Kasir/src/Form/Form_Profil_Kasir.java</file>
            <file>file:/C:/Users/HP/Documents/Dokumen%20Kuliah/Semester3/Pemrograman%20Komputer%201/Apk_Kasir/src/Form/Form_Profil_Admin.java</file>
            <file>file:/C:/Users/HP/Documents/Dokumen%20Kuliah/Semester3/Pemrograman%20Komputer%201/Apk_Kasir/src/Form/Input_Barang.java</file>
            <file>file:/C:/Users/HP/Documents/Dokumen%20Kuliah/Semester3/Pemrograman%20Komputer%201/Apk_Kasir/src/Form/Form_Data_User.java</file>
            <file>file:/C:/Users/HP/Documents/Dokumen%20Kuliah/Semester3/Pemrograman%20Komputer%201/Apk_Kasir/src/Config/Koneksi.java</file>
            <file>file:/C:/Users/HP/Documents/Dokumen%20Kuliah/Semester3/Pemrograman%20Komputer%201/Apk_Kasir/src/Form/Form_Login.java</file>
        </group>
    </open-files>
</project-private>
